dataset,metric,model_a,model_b,n,mean_delta,median_delta,ci_lo,ci_hi,d_z,wins_a,losses_a,ties,p_wilcoxon_raw,p_wilcoxon_holm
chexpert_plus_valid,bleu,qwen35-0_8b,qwen35-2b,200,-0.008227,-0.007677,-0.015217,-0.001583,-0.159892,89,110,1,0.014776,0.325081
chexpert_plus_valid,bleu,qwen35-0_8b,qwen35-4b,200,-0.011188,-0.007473,-0.018789,-0.004548,-0.22048,84,115,1,0.001574,0.039351
chexpert_plus_valid,bleu,qwen35-0_8b,qwen35-9b,200,-0.003637,-0.006013,-0.010393,0.002849,-0.074964,91,107,2,0.294397,1.0
chexpert_plus_valid,bleu,qwen35-0_8b,qwen35-27b,200,-0.006784,-0.002619,-0.014926,0.000833,-0.120572,96,103,1,0.12168,1.0
chexpert_plus_valid,bleu,qwen35-0_8b,qwen35-35b-a3b,200,-0.01179,-0.011933,-0.019942,-0.00438,-0.205935,85,115,0,0.004751,0.114015
chexpert_plus_valid,bleu,qwen35-0_8b,qwen35-122b-a10b,200,-0.015788,-0.013978,-0.023456,-0.008877,-0.286459,76,123,1,0.000244,0.006834
chexpert_plus_valid,bleu,qwen35-0_8b,qwen35-397b-a17b,200,-0.01003,-0.01197,-0.018539,-0.001701,-0.164164,86,114,0,0.017692,0.371523
chexpert_plus_valid,bleu,qwen35-2b,qwen35-4b,200,-0.002961,0.000106,-0.010546,0.00401,-0.054237,100,100,0,0.914492,1.0
chexpert_plus_valid,bleu,qwen35-2b,qwen35-9b,200,0.00459,0.006759,-0.003044,0.011439,0.085676,110,90,0,0.069523,1.0
chexpert_plus_valid,bleu,qwen35-2b,qwen35-27b,200,0.001443,0.005559,-0.007659,0.008852,0.02492,109,90,1,0.217559,1.0
chexpert_plus_valid,bleu,qwen35-2b,qwen35-35b-a3b,200,-0.003563,0.0,-0.011988,0.004559,-0.059311,99,99,2,0.435547,1.0
chexpert_plus_valid,bleu,qwen35-2b,qwen35-122b-a10b,200,-0.007561,-0.003713,-0.015528,-0.000547,-0.139471,94,105,1,0.124368,1.0
chexpert_plus_valid,bleu,qwen35-2b,qwen35-397b-a17b,200,-0.001803,0.004005,-0.010928,0.005962,-0.029394,104,95,1,0.985288,1.0
chexpert_plus_valid,bleu,qwen35-4b,qwen35-9b,200,0.007551,0.008693,0.000987,0.014642,0.149464,116,83,1,0.019567,0.391342
chexpert_plus_valid,bleu,qwen35-4b,qwen35-27b,200,0.004404,0.006427,-0.002536,0.011236,0.086072,111,88,1,0.136877,1.0
chexpert_plus_valid,bleu,qwen35-4b,qwen35-35b-a3b,200,-0.000602,-0.001191,-0.008263,0.006928,-0.010738,99,101,0,0.765916,1.0
chexpert_plus_valid,bleu,qwen35-4b,qwen35-122b-a10b,200,-0.0046,0.000735,-0.011892,0.002382,-0.089893,101,96,3,0.342538,1.0
chexpert_plus_valid,bleu,qwen35-4b,qwen35-397b-a17b,200,0.001158,0.00052,-0.006479,0.008399,0.0207,102,96,2,0.993576,1.0
chexpert_plus_valid,bleu,qwen35-9b,qwen35-27b,200,-0.003147,0.004553,-0.009616,0.002628,-0.06798,109,91,0,0.9708,1.0
chexpert_plus_valid,bleu,qwen35-9b,qwen35-35b-a3b,200,-0.008153,-0.007309,-0.01588,-0.000681,-0.139992,89,111,0,0.020432,0.391342
chexpert_plus_valid,bleu,qwen35-9b,qwen35-122b-a10b,200,-0.012151,-0.010197,-0.019409,-0.005216,-0.232259,83,117,0,0.000379,0.01023
chexpert_plus_valid,bleu,qwen35-9b,qwen35-397b-a17b,200,-0.006393,-0.008867,-0.015023,0.001686,-0.109187,86,113,1,0.042641,0.724899
chexpert_plus_valid,bleu,qwen35-27b,qwen35-35b-a3b,200,-0.005006,-0.012167,-0.013016,0.003661,-0.085259,75,125,0,0.010001,0.230033
chexpert_plus_valid,bleu,qwen35-27b,qwen35-122b-a10b,200,-0.009004,-0.010603,-0.015093,-0.002802,-0.201599,75,124,1,0.000505,0.013142
chexpert_plus_valid,bleu,qwen35-27b,qwen35-397b-a17b,200,-0.003246,-0.010482,-0.0114,0.004242,-0.059752,85,115,0,0.038223,0.688007
chexpert_plus_valid,bleu,qwen35-35b-a3b,qwen35-122b-a10b,200,-0.003999,0.0,-0.011924,0.003636,-0.069812,99,99,2,0.525551,1.0
chexpert_plus_valid,bleu,qwen35-35b-a3b,qwen35-397b-a17b,200,0.00176,-0.00193,-0.006366,0.009637,0.029932,95,103,2,0.95111,1.0
chexpert_plus_valid,bleu,qwen35-122b-a10b,qwen35-397b-a17b,200,0.005758,0.004066,-0.001597,0.0126,0.110369,114,85,1,0.157433,1.0
chexpert_plus_valid,rouge,qwen35-0_8b,qwen35-2b,200,-0.005012,0.00036,-0.012895,0.003225,-0.077851,100,98,2,0.488291,1.0
chexpert_plus_valid,rouge,qwen35-0_8b,qwen35-4b,200,-0.013489,-0.017041,-0.022439,-0.005526,-0.21491,83,115,2,0.003322,0.079733
chexpert_plus_valid,rouge,qwen35-0_8b,qwen35-9b,200,-0.003488,-0.001526,-0.011132,0.003751,-0.062618,94,105,1,0.410827,1.0
chexpert_plus_valid,rouge,qwen35-0_8b,qwen35-27b,200,-0.009216,-0.00312,-0.017667,-0.001286,-0.147927,97,103,0,0.110493,1.0
chexpert_plus_valid,rouge,qwen35-0_8b,qwen35-35b-a3b,200,-0.011372,-0.006325,-0.019574,-0.003453,-0.180843,90,109,1,0.037972,0.683503
chexpert_plus_valid,rouge,qwen35-0_8b,qwen35-122b-a10b,200,-0.022064,-0.021979,-0.030545,-0.013437,-0.331331,74,126,0,3.1e-05,0.000843
chexpert_plus_valid,rouge,qwen35-0_8b,qwen35-397b-a17b,200,-0.0113,-0.005773,-0.020207,-0.002882,-0.175251,93,106,1,0.035969,0.683405
chexpert_plus_valid,rouge,qwen35-2b,qwen35-4b,200,-0.008477,-0.011136,-0.018129,0.000541,-0.132084,90,109,1,0.069786,1.0
chexpert_plus_valid,rouge,qwen35-2b,qwen35-9b,200,0.001524,0.002026,-0.006776,0.009643,0.025102,103,97,0,0.619465,1.0
chexpert_plus_valid,rouge,qwen35-2b,qwen35-27b,200,-0.004204,-0.004712,-0.013116,0.003706,-0.067055,88,109,3,0.326291,1.0
chexpert_plus_valid,rouge,qwen35-2b,qwen35-35b-a3b,200,-0.006359,-0.005813,-0.015263,0.001744,-0.098409,96,102,2,0.174797,1.0
chexpert_plus_valid,rouge,qwen35-2b,qwen35-122b-a10b,200,-0.017052,-0.015407,-0.025728,-0.008783,-0.275157,77,121,2,0.000165,0.004289
chexpert_plus_valid,rouge,qwen35-2b,qwen35-397b-a17b,200,-0.006288,-0.006362,-0.01467,0.001631,-0.101844,90,109,1,0.132077,1.0
chexpert_plus_valid,rouge,qwen35-4b,qwen35-9b,200,0.010001,0.008771,0.001605,0.017894,0.171754,108,90,2,0.014807,0.317424
chexpert_plus_valid,rouge,qwen35-4b,qwen35-27b,200,0.004273,-0.002999,-0.004167,0.011617,0.073739,98,101,1,0.620296,1.0
chexpert_plus_valid,rouge,qwen35-4b,qwen35-35b-a3b,200,0.002118,0.003709,-0.006486,0.010936,0.033724,105,95,0,0.616026,1.0
chexpert_plus_valid,rouge,qwen35-4b,qwen35-122b-a10b,200,-0.008575,-0.004939,-0.017458,-0.000178,-0.144155,92,108,0,0.058102,0.987741
chexpert_plus_valid,rouge,qwen35-4b,qwen35-397b-a17b,200,0.002189,2.6e-05,-0.006365,0.010213,0.036317,100,100,0,0.950381,1.0
chexpert_plus_valid,rouge,qwen35-9b,qwen35-27b,200,-0.005728,-0.007701,-0.013623,0.001099,-0.10295,87,112,1,0.174715,1.0
chexpert_plus_valid,rouge,qwen35-9b,qwen35-35b-a3b,200,-0.007884,-0.007258,-0.016089,-0.00018,-0.133272,91,109,0,0.127511,1.0
chexpert_plus_valid,rouge,qwen35-9b,qwen35-122b-a10b,200,-0.018576,-0.016705,-0.02662,-0.010709,-0.319901,71,129,0,1.1e-05,0.000321
chexpert_plus_valid,rouge,qwen35-9b,qwen35-397b-a17b,200,-0.007812,-0.013721,-0.016074,0.000149,-0.12928,81,119,0,0.027039,0.540788
chexpert_plus_valid,rouge,qwen35-27b,qwen35-35b-a3b,200,-0.002155,-0.004409,-0.009667,0.005433,-0.038986,92,107,1,0.447409,1.0
chexpert_plus_valid,rouge,qwen35-27b,qwen35-122b-a10b,200,-0.012848,-0.013467,-0.019223,-0.005543,-0.260402,77,123,0,0.000275,0.006887
chexpert_plus_valid,rouge,qwen35-27b,qwen35-397b-a17b,200,-0.002084,-0.000802,-0.009357,0.005119,-0.039124,96,103,1,0.506785,1.0
chexpert_plus_valid,rouge,qwen35-35b-a3b,qwen35-122b-a10b,200,-0.010692,-0.01125,-0.018392,-0.001839,-0.174953,84,115,1,0.014428,0.317424
chexpert_plus_valid,rouge,qwen35-35b-a3b,qwen35-397b-a17b,200,7.2e-05,-0.002981,-0.007624,0.008701,0.001184,95,103,2,0.653422,1.0
chexpert_plus_valid,rouge,qwen35-122b-a10b,qwen35-397b-a17b,200,0.010764,0.010624,0.003406,0.017605,0.20592,115,84,1,0.012358,0.284245
chexpert_plus_valid,meteor,qwen35-0_8b,qwen35-2b,200,-0.011078,-0.001698,-0.021816,-0.000309,-0.140294,96,104,0,0.078702,0.787024
chexpert_plus_valid,meteor,qwen35-0_8b,qwen35-4b,200,-0.03544,-0.02962,-0.046402,-0.025295,-0.46855,58,142,0,0.0,0.0
chexpert_plus_valid,meteor,qwen35-0_8b,qwen35-9b,200,-0.021115,-0.017734,-0.030459,-0.011991,-0.315215,78,121,1,0.000112,0.002468
chexpert_plus_valid,meteor,qwen35-0_8b,qwen35-27b,200,-0.033187,-0.026724,-0.043315,-0.023739,-0.45986,62,138,0,0.0,0.0
chexpert_plus_valid,meteor,qwen35-0_8b,qwen35-35b-a3b,200,-0.015366,-0.014198,-0.025126,-0.006428,-0.213796,84,116,0,0.005342,0.069347
chexpert_plus_valid,meteor,qwen35-0_8b,qwen35-122b-a10b,200,-0.033899,-0.024082,-0.045388,-0.022193,-0.409467,73,127,0,0.0,3e-06
chexpert_plus_valid,meteor,qwen35-0_8b,qwen35-397b-a17b,200,-0.012831,-0.007501,-0.023888,-0.003333,-0.162257,82,118,0,0.011307,0.124374
chexpert_plus_valid,meteor,qwen35-2b,qwen35-4b,200,-0.024362,-0.020167,-0.035812,-0.013711,-0.302266,83,117,0,0.000126,0.002637
chexpert_plus_valid,meteor,qwen35-2b,qwen35-9b,200,-0.010037,-0.006871,-0.022239,0.000611,-0.120285,87,113,0,0.223791,1.0
chexpert_plus_valid,meteor,qwen35-2b,qwen35-27b,200,-0.022109,-0.018547,-0.03192,-0.01159,-0.295987,74,126,0,3e-05,0.00076
chexpert_plus_valid,meteor,qwen35-2b,qwen35-35b-a3b,200,-0.004288,-0.004323,-0.016029,0.006126,-0.052789,97,103,0,0.359485,1.0
chexpert_plus_valid,meteor,qwen35-2b,qwen35-122b-a10b,200,-0.022821,-0.020602,-0.035159,-0.011669,-0.263058,82,117,1,0.000418,0.006693
chexpert_plus_valid,meteor,qwen35-2b,qwen35-397b-a17b,200,-0.001753,-0.001397,-0.013154,0.00936,-0.020841,98,101,1,0.634245,1.0
chexpert_plus_valid,meteor,qwen35-4b,qwen35-9b,200,0.014325,0.015845,0.003963,0.024926,0.191892,120,80,0,0.005125,0.069347
chexpert_plus_valid,meteor,qwen35-4b,qwen35-27b,200,0.002253,0.0031,-0.007932,0.011694,0.032783,103,96,1,0.683166,1.0
chexpert_plus_valid,meteor,qwen35-4b,qwen35-35b-a3b,200,0.020074,0.024067,0.010032,0.030506,0.270213,117,83,0,0.000307,0.005527
chexpert_plus_valid,meteor,qwen35-4b,qwen35-122b-a10b,200,0.001541,0.001797,-0.008678,0.01178,0.020398,101,99,0,0.853821,1.0
chexpert_plus_valid,meteor,qwen35-4b,qwen35-397b-a17b,200,0.022609,0.023851,0.011379,0.034079,0.286007,126,74,0,5.7e-05,0.00138
chexpert_plus_valid,meteor,qwen35-9b,qwen35-27b,200,-0.012072,-0.016973,-0.022828,-0.001942,-0.165178,75,125,0,0.004171,0.062559
chexpert_plus_valid,meteor,qwen35-9b,qwen35-35b-a3b,200,0.005748,0.001376,-0.005772,0.016794,0.072986,101,98,1,0.31401,1.0
chexpert_plus_valid,meteor,qwen35-9b,qwen35-122b-a10b,200,-0.012785,-0.012692,-0.024172,-0.001417,-0.15525,84,116,0,0.004953,0.069347
chexpert_plus_valid,meteor,qwen35-9b,qwen35-397b-a17b,200,0.008284,0.000606,-0.0025,0.019213,0.104753,101,99,0,0.278041,1.0
chexpert_plus_valid,meteor,qwen35-27b,qwen35-35b-a3b,200,0.017821,0.01446,0.007938,0.027555,0.248275,121,79,0,0.000336,0.005707
chexpert_plus_valid,meteor,qwen35-27b,qwen35-122b-a10b,200,-0.000712,-0.001005,-0.01056,0.008755,-0.01013,98,102,0,0.835675,1.0
chexpert_plus_valid,meteor,qwen35-27b,qwen35-397b-a17b,200,0.020356,0.016327,0.010638,0.030648,0.279849,126,74,0,7.9e-05,0.001828
chexpert_plus_valid,meteor,qwen35-35b-a3b,qwen35-122b-a10b,200,-0.018533,-0.018656,-0.028188,-0.00852,-0.255149,80,120,0,0.000224,0.004264
chexpert_plus_valid,meteor,qwen35-35b-a3b,qwen35-397b-a17b,200,0.002536,-0.005746,-0.007019,0.012491,0.03539,89,110,1,0.704041,1.0
chexpert_plus_valid,meteor,qwen35-122b-a10b,qwen35-397b-a17b,200,0.021069,0.020774,0.010376,0.030525,0.284088,117,83,0,0.000147,0.002942
chexpert_plus_valid,bertscore,qwen35-0_8b,qwen35-2b,200,-0.002397,-0.002551,-0.003818,-0.000892,-0.220861,83,117,0,0.00136,0.025846
chexpert_plus_valid,bertscore,qwen35-0_8b,qwen35-4b,200,-0.004825,-0.004515,-0.006346,-0.003368,-0.430544,64,136,0,0.0,0.0
chexpert_plus_valid,bertscore,qwen35-0_8b,qwen35-9b,200,-0.002925,-0.002849,-0.004214,-0.001616,-0.301045,82,118,0,7.4e-05,0.001562
chexpert_plus_valid,bertscore,qwen35-0_8b,qwen35-27b,200,-0.001537,-0.002596,-0.002922,-0.000129,-0.150692,81,119,0,0.052817,0.580992
chexpert_plus_valid,bertscore,qwen35-0_8b,qwen35-35b-a3b,200,-0.003808,-0.002842,-0.005301,-0.002304,-0.337976,78,122,0,1.9e-05,0.000424
chexpert_plus_valid,bertscore,qwen35-0_8b,qwen35-122b-a10b,200,-0.004739,-0.005127,-0.006396,-0.003208,-0.408602,72,128,0,0.0,4e-06
chexpert_plus_valid,bertscore,qwen35-0_8b,qwen35-397b-a17b,200,-0.004466,-0.003975,-0.006044,-0.002978,-0.399048,65,135,0,0.0,3e-06
chexpert_plus_valid,bertscore,qwen35-2b,qwen35-4b,200,-0.002428,-0.001147,-0.003944,-0.001022,-0.225795,87,113,0,0.004503,0.081063
chexpert_plus_valid,bertscore,qwen35-2b,qwen35-9b,200,-0.000528,-0.000814,-0.001945,0.000802,-0.051461,95,105,0,0.688998,1.0
chexpert_plus_valid,bertscore,qwen35-2b,qwen35-27b,200,0.00086,0.000675,-0.000583,0.00224,0.082562,104,96,0,0.361407,1.0
chexpert_plus_valid,bertscore,qwen35-2b,qwen35-35b-a3b,200,-0.001411,-0.001498,-0.002996,-6e-06,-0.12905,87,113,0,0.053267,0.580992
chexpert_plus_valid,bertscore,qwen35-2b,qwen35-122b-a10b,200,-0.002342,-0.001462,-0.003897,-0.000914,-0.217913,83,117,0,0.006728,0.107654
chexpert_plus_valid,bertscore,qwen35-2b,qwen35-397b-a17b,200,-0.002069,-0.001207,-0.003488,-0.000756,-0.207206,82,118,0,0.004538,0.081063
chexpert_plus_valid,bertscore,qwen35-4b,qwen35-9b,200,0.0019,0.001427,0.000517,0.003316,0.187159,115,85,0,0.006728,0.107654
chexpert_plus_valid,bertscore,qwen35-4b,qwen35-27b,200,0.003288,0.002823,0.002069,0.004566,0.35271,131,69,0,2e-06,4.3e-05
chexpert_plus_valid,bertscore,qwen35-4b,qwen35-35b-a3b,200,0.001016,0.000278,-0.000361,0.002451,0.098502,102,98,0,0.208835,1.0
chexpert_plus_valid,bertscore,qwen35-4b,qwen35-122b-a10b,200,8.6e-05,0.001112,-0.001173,0.001398,0.00921,112,88,0,0.404633,1.0
chexpert_plus_valid,bertscore,qwen35-4b,qwen35-397b-a17b,200,0.000358,0.000362,-0.000947,0.001689,0.035555,104,96,0,0.679139,1.0
chexpert_plus_valid,bertscore,qwen35-9b,qwen35-27b,200,0.001388,0.002045,0.000131,0.002618,0.152159,115,85,0,0.048216,0.578598
chexpert_plus_valid,bertscore,qwen35-9b,qwen35-35b-a3b,200,-0.000883,-0.000878,-0.002213,0.000436,-0.092097,93,107,0,0.196302,1.0
chexpert_plus_valid,bertscore,qwen35-9b,qwen35-122b-a10b,200,-0.001814,-0.001223,-0.003106,-0.000482,-0.186603,87,113,0,0.019811,0.257538
chexpert_plus_valid,bertscore,qwen35-9b,qwen35-397b-a17b,200,-0.001541,-0.001959,-0.00287,-9.6e-05,-0.153843,79,121,0,0.010179,0.14251
chexpert_plus_valid,bertscore,qwen35-27b,qwen35-35b-a3b,200,-0.002271,-0.002599,-0.003545,-0.001024,-0.239137,77,123,0,0.000443,0.008866
chexpert_plus_valid,bertscore,qwen35-27b,qwen35-122b-a10b,200,-0.003202,-0.002154,-0.004357,-0.001979,-0.359914,70,130,0,2e-06,3.6e-05
chexpert_plus_valid,bertscore,qwen35-27b,qwen35-397b-a17b,200,-0.002929,-0.002978,-0.004011,-0.001828,-0.363156,73,127,0,1e-06,2.9e-05
chexpert_plus_valid,bertscore,qwen35-35b-a3b,qwen35-122b-a10b,200,-0.00093,-0.000314,-0.002415,0.000609,-0.087096,95,105,0,0.315871,1.0
chexpert_plus_valid,bertscore,qwen35-35b-a3b,qwen35-397b-a17b,200,-0.000658,-0.000424,-0.001892,0.000683,-0.068135,96,104,0,0.230836,1.0
chexpert_plus_valid,bertscore,qwen35-122b-a10b,qwen35-397b-a17b,200,0.000272,-0.000592,-0.001107,0.00154,0.028864,98,102,0,0.941639,1.0
chexpert_plus_valid,radgraph,qwen35-0_8b,qwen35-2b,200,-0.022079,-0.026053,-0.033336,-0.011099,-0.269806,68,127,5,0.000105,0.002628
chexpert_plus_valid,radgraph,qwen35-0_8b,qwen35-4b,200,-0.02318,-0.017998,-0.034342,-0.011274,-0.278677,78,118,4,0.000183,0.004209
chexpert_plus_valid,radgraph,qwen35-0_8b,qwen35-9b,200,-0.016903,-0.010707,-0.026958,-0.007071,-0.230366,80,114,6,0.001148,0.025264
chexpert_plus_valid,radgraph,qwen35-0_8b,qwen35-27b,200,-0.025984,-0.017307,-0.036732,-0.014892,-0.328794,76,119,5,1.6e-05,0.000454
chexpert_plus_valid,radgraph,qwen35-0_8b,qwen35-35b-a3b,200,-0.027548,-0.019512,-0.040032,-0.016053,-0.311924,70,124,6,4.1e-05,0.001071
chexpert_plus_valid,radgraph,qwen35-0_8b,qwen35-122b-a10b,200,-0.027166,-0.016894,-0.038693,-0.015587,-0.3184,81,116,3,3.9e-05,0.001066
chexpert_plus_valid,radgraph,qwen35-0_8b,qwen35-397b-a17b,200,-0.023364,-0.023087,-0.03496,-0.012155,-0.271205,77,121,2,0.000135,0.003243
chexpert_plus_valid,radgraph,qwen35-2b,qwen35-4b,200,-0.001101,0.008257,-0.013074,0.010783,-0.012539,110,88,2,0.723147,1.0
chexpert_plus_valid,radgraph,qwen35-2b,qwen35-9b,200,0.005177,0.008053,-0.005232,0.015541,0.064689,107,89,4,0.145304,1.0
chexpert_plus_valid,radgraph,qwen35-2b,qwen35-27b,200,-0.003904,0.0,-0.01433,0.006693,-0.051344,98,99,3,0.743671,1.0
chexpert_plus_valid,radgraph,qwen35-2b,qwen35-35b-a3b,200,-0.005469,-0.002844,-0.017634,0.007031,-0.059246,90,103,7,0.356467,1.0
chexpert_plus_valid,radgraph,qwen35-2b,qwen35-122b-a10b,200,-0.005087,0.001448,-0.016989,0.006961,-0.057514,102,90,8,0.767444,1.0
chexpert_plus_valid,radgraph,qwen35-2b,qwen35-397b-a17b,200,-0.001285,0.0,-0.012745,0.010224,-0.015319,96,95,9,0.775669,1.0
chexpert_plus_valid,radgraph,qwen35-4b,qwen35-9b,200,0.006278,0.003395,-0.004153,0.017191,0.080996,106,88,6,0.393616,1.0
chexpert_plus_valid,radgraph,qwen35-4b,qwen35-27b,200,-0.002803,-0.005683,-0.01412,0.00754,-0.036694,83,111,6,0.345297,1.0
chexpert_plus_valid,radgraph,qwen35-4b,qwen35-35b-a3b,200,-0.004368,0.0,-0.01642,0.006563,-0.052485,97,98,5,0.671635,1.0
chexpert_plus_valid,radgraph,qwen35-4b,qwen35-122b-a10b,200,-0.003986,-0.001427,-0.015196,0.00622,-0.051477,91,104,5,0.4459,1.0
chexpert_plus_valid,radgraph,qwen35-4b,qwen35-397b-a17b,200,-0.000184,0.0,-0.011599,0.011732,-0.002196,94,99,7,0.564668,1.0
chexpert_plus_valid,radgraph,qwen35-9b,qwen35-27b,200,-0.009081,-0.000356,-0.018587,0.000277,-0.130688,97,100,3,0.147507,1.0
chexpert_plus_valid,radgraph,qwen35-9b,qwen35-35b-a3b,200,-0.010645,-0.000786,-0.021204,-6.5e-05,-0.136323,90,101,9,0.101168,1.0
chexpert_plus_valid,radgraph,qwen35-9b,qwen35-122b-a10b,200,-0.010263,-0.008086,-0.020118,-0.000339,-0.142179,89,107,4,0.054335,1.0
chexpert_plus_valid,radgraph,qwen35-9b,qwen35-397b-a17b,200,-0.006461,-0.005044,-0.016906,0.003592,-0.084806,86,108,6,0.196001,1.0
chexpert_plus_valid,radgraph,qwen35-27b,qwen35-35b-a3b,200,-0.001565,-0.001386,-0.011854,0.008688,-0.020753,95,100,5,0.904675,1.0
chexpert_plus_valid,radgraph,qwen35-27b,qwen35-122b-a10b,200,-0.001183,-0.001684,-0.010748,0.008202,-0.016823,96,101,3,0.745559,1.0
chexpert_plus_valid,radgraph,qwen35-27b,qwen35-397b-a17b,200,0.002619,0.0,-0.007866,0.012351,0.035059,97,99,4,0.583903,1.0
chexpert_plus_valid,radgraph,qwen35-35b-a3b,qwen35-122b-a10b,200,0.000382,0.000786,-0.010493,0.011209,0.004751,100,91,9,0.821598,1.0
chexpert_plus_valid,radgraph,qwen35-35b-a3b,qwen35-397b-a17b,200,0.004184,-0.003439,-0.005865,0.015088,0.054325,88,104,8,0.916329,1.0
chexpert_plus_valid,radgraph,qwen35-122b-a10b,qwen35-397b-a17b,200,0.003802,-0.003749,-0.006629,0.014133,0.05106,90,104,6,0.938415,1.0
chexpert_plus_valid,green,qwen35-0_8b,qwen35-2b,200,-0.041619,0.0,-0.068899,-0.016781,-0.226749,62,93,45,0.000939,0.018784
chexpert_plus_valid,green,qwen35-0_8b,qwen35-4b,200,-0.083786,-0.067424,-0.111609,-0.055991,-0.396903,54,118,28,0.0,2e-06
chexpert_plus_valid,green,qwen35-0_8b,qwen35-9b,200,-0.082556,-0.05,-0.110231,-0.054242,-0.386537,51,114,35,0.0,9e-06
chexpert_plus_valid,green,qwen35-0_8b,qwen35-27b,200,-0.116383,-0.098016,-0.149533,-0.086995,-0.504968,49,124,27,0.0,0.0
chexpert_plus_valid,green,qwen35-0_8b,qwen35-35b-a3b,200,-0.05348,-0.018019,-0.079947,-0.026911,-0.280333,58,103,39,5.6e-05,0.001238
chexpert_plus_valid,green,qwen35-0_8b,qwen35-122b-a10b,200,-0.084277,-0.075758,-0.113303,-0.054566,-0.382162,59,116,25,0.0,1e-06
chexpert_plus_valid,green,qwen35-0_8b,qwen35-397b-a17b,200,-0.061449,-0.030556,-0.08802,-0.035107,-0.308427,56,104,40,3.7e-05,0.000846
chexpert_plus_valid,green,qwen35-2b,qwen35-4b,200,-0.042167,-0.02381,-0.070266,-0.015562,-0.215609,68,101,31,0.005726,0.103076
chexpert_plus_valid,green,qwen35-2b,qwen35-9b,200,-0.040937,0.0,-0.070465,-0.010995,-0.183874,70,82,48,0.061106,0.794384
chexpert_plus_valid,green,qwen35-2b,qwen35-27b,200,-0.074764,-0.035714,-0.106583,-0.045759,-0.338161,52,109,39,3e-06,7.5e-05
chexpert_plus_valid,green,qwen35-2b,qwen35-35b-a3b,200,-0.011861,0.0,-0.039941,0.014419,-0.062339,74,79,47,0.558095,1.0
chexpert_plus_valid,green,qwen35-2b,qwen35-122b-a10b,200,-0.042659,0.0,-0.074265,-0.012378,-0.185642,63,96,41,0.018462,0.295398
chexpert_plus_valid,green,qwen35-2b,qwen35-397b-a17b,200,-0.01983,0.0,-0.049136,0.008918,-0.09152,72,89,39,0.233026,1.0
chexpert_plus_valid,green,qwen35-4b,qwen35-9b,200,0.001231,0.0,-0.031025,0.032675,0.005063,82,75,43,0.683637,1.0
chexpert_plus_valid,green,qwen35-4b,qwen35-27b,200,-0.032597,0.0,-0.064091,-0.003926,-0.142906,73,81,46,0.097691,1.0
chexpert_plus_valid,green,qwen35-4b,qwen35-35b-a3b,200,0.030306,0.0,0.003013,0.057086,0.15364,90,60,50,0.009824,0.167015
chexpert_plus_valid,green,qwen35-4b,qwen35-122b-a10b,200,-0.000491,0.0,-0.028802,0.031724,-0.002107,81,80,39,0.957595,1.0
chexpert_plus_valid,green,qwen35-4b,qwen35-397b-a17b,200,0.022338,0.0,-0.007632,0.052035,0.102842,87,75,38,0.095247,1.0
chexpert_plus_valid,green,qwen35-9b,qwen35-27b,200,-0.033827,0.0,-0.065155,-0.005251,-0.152621,69,91,40,0.040816,0.612235
chexpert_plus_valid,green,qwen35-9b,qwen35-35b-a3b,200,0.029076,0.0,-0.003118,0.059756,0.12793,89,69,42,0.086761,1.0
chexpert_plus_valid,green,qwen35-9b,qwen35-122b-a10b,200,-0.001722,0.0,-0.032582,0.031568,-0.007595,78,86,36,0.630425,1.0
chexpert_plus_valid,green,qwen35-9b,qwen35-397b-a17b,200,0.021107,0.0,-0.007968,0.048758,0.100595,86,68,46,0.190274,1.0
chexpert_plus_valid,green,qwen35-27b,qwen35-35b-a3b,200,0.062903,0.0,0.037681,0.088967,0.307198,96,57,47,9.7e-05,0.002047
chexpert_plus_valid,green,qwen35-27b,qwen35-122b-a10b,200,0.032106,0.0,0.003777,0.062914,0.15222,80,73,47,0.118039,1.0
chexpert_plus_valid,green,qwen35-27b,qwen35-397b-a17b,200,0.054934,0.0,0.028115,0.085212,0.256283,95,64,41,0.001055,0.020036
chexpert_plus_valid,green,qwen35-35b-a3b,qwen35-122b-a10b,200,-0.030798,0.0,-0.061038,0.001892,-0.127503,68,92,40,0.053339,0.746745
chexpert_plus_valid,green,qwen35-35b-a3b,qwen35-397b-a17b,200,-0.007969,0.0,-0.033794,0.021271,-0.040174,63,78,59,0.461175,1.0
chexpert_plus_valid,green,qwen35-122b-a10b,qwen35-397b-a17b,200,0.022829,0.0,-0.005068,0.051445,0.108033,82,67,51,0.161043,1.0
chexpert_plus_valid,crimson,qwen35-0_8b,qwen35-2b,200,-0.108806,-0.06905,-0.167024,-0.054753,-0.265996,59,108,33,0.000112,0.002579
chexpert_plus_valid,crimson,qwen35-0_8b,qwen35-4b,200,-0.111335,-0.08655,-0.175978,-0.051208,-0.239518,64,110,26,0.00061,0.01341
chexpert_plus_valid,crimson,qwen35-0_8b,qwen35-9b,200,-0.174374,-0.08085,-0.235275,-0.11477,-0.371633,52,114,34,0.0,3e-06
chexpert_plus_valid,crimson,qwen35-0_8b,qwen35-27b,200,-0.199252,-0.17885,-0.26197,-0.132003,-0.412076,51,121,28,0.0,0.0
chexpert_plus_valid,crimson,qwen35-0_8b,qwen35-35b-a3b,200,-0.185796,-0.1333,-0.246317,-0.128322,-0.441902,49,118,33,0.0,0.0
chexpert_plus_valid,crimson,qwen35-0_8b,qwen35-122b-a10b,200,-0.202344,-0.1499,-0.260918,-0.139874,-0.458782,49,117,34,0.0,0.0
chexpert_plus_valid,crimson,qwen35-0_8b,qwen35-397b-a17b,200,-0.166153,-0.12095,-0.22573,-0.111132,-0.388951,49,124,27,0.0,0.0
chexpert_plus_valid,crimson,qwen35-2b,qwen35-4b,200,-0.002529,0.0,-0.061789,0.058889,-0.00602,80,77,43,0.933652,1.0
chexpert_plus_valid,crimson,qwen35-2b,qwen35-9b,200,-0.065568,0.0,-0.120026,-0.007554,-0.151794,68,82,50,0.062683,0.814873
chexpert_plus_valid,crimson,qwen35-2b,qwen35-27b,200,-0.090447,0.0,-0.148472,-0.03523,-0.215117,69,91,40,0.007119,0.135266
chexpert_plus_valid,crimson,qwen35-2b,qwen35-35b-a3b,200,-0.07699,0.0,-0.13931,-0.017633,-0.183555,61,93,46,0.01182,0.20094
chexpert_plus_valid,crimson,qwen35-2b,qwen35-122b-a10b,200,-0.093537,0.0,-0.147596,-0.034796,-0.228554,65,95,40,0.002637,0.052733
chexpert_plus_valid,crimson,qwen35-2b,qwen35-397b-a17b,200,-0.057347,0.0,-0.11291,-0.000403,-0.13893,62,96,42,0.024177,0.36266
chexpert_plus_valid,crimson,qwen35-4b,qwen35-9b,200,-0.06304,0.0,-0.121437,-0.001799,-0.139709,73,92,35,0.068887,0.826639
chexpert_plus_valid,crimson,qwen35-4b,qwen35-27b,200,-0.087918,0.0,-0.153243,-0.027186,-0.197854,64,93,43,0.008432,0.151781
chexpert_plus_valid,crimson,qwen35-4b,qwen35-35b-a3b,200,-0.074461,0.0,-0.135189,-0.014235,-0.177862,64,95,41,0.016355,0.261686
chexpert_plus_valid,crimson,qwen35-4b,qwen35-122b-a10b,200,-0.091008,-0.03705,-0.14939,-0.028033,-0.212944,66,101,33,0.000821,0.017239
chexpert_plus_valid,crimson,qwen35-4b,qwen35-397b-a17b,200,-0.054818,0.0,-0.109059,0.002315,-0.138434,61,99,40,0.02462,0.36266
chexpert_plus_valid,crimson,qwen35-9b,qwen35-27b,200,-0.024878,0.0,-0.073963,0.024855,-0.06527,71,76,53,0.494212,1.0
chexpert_plus_valid,crimson,qwen35-9b,qwen35-35b-a3b,200,-0.011422,0.0,-0.065344,0.04423,-0.028991,70,77,53,0.802246,1.0
chexpert_plus_valid,crimson,qwen35-9b,qwen35-122b-a10b,200,-0.027969,0.0,-0.080685,0.022908,-0.07122,65,83,52,0.228152,1.0
chexpert_plus_valid,crimson,qwen35-9b,qwen35-397b-a17b,200,0.008221,0.0,-0.045541,0.059244,0.020627,74,80,46,0.965465,1.0
chexpert_plus_valid,crimson,qwen35-27b,qwen35-35b-a3b,200,0.013457,0.0,-0.0396,0.06234,0.036748,71,70,59,0.577009,1.0
chexpert_plus_valid,crimson,qwen35-27b,qwen35-122b-a10b,200,-0.003091,0.0,-0.059976,0.052958,-0.007585,70,79,51,0.725885,1.0
chexpert_plus_valid,crimson,qwen35-27b,qwen35-397b-a17b,200,0.0331,0.0,-0.025051,0.092295,0.078008,77,75,48,0.576636,1.0
chexpert_plus_valid,crimson,qwen35-35b-a3b,qwen35-122b-a10b,200,-0.016547,0.0,-0.065955,0.034302,-0.048212,67,78,55,0.38295,1.0
chexpert_plus_valid,crimson,qwen35-35b-a3b,qwen35-397b-a17b,200,0.019643,0.0,-0.025746,0.070207,0.056198,72,74,54,0.69094,1.0
chexpert_plus_valid,crimson,qwen35-122b-a10b,qwen35-397b-a17b,200,0.03619,0.0,-0.01098,0.080031,0.104654,80,66,54,0.211486,1.0
chexpert_plus_valid,discern_score,qwen35-0_8b,qwen35-2b,200,1.06,0.0,0.33475,1.785125,0.212722,99,73,28,0.001029,0.020583
chexpert_plus_valid,discern_score,qwen35-0_8b,qwen35-4b,200,1.43,1.0,0.75,2.1555,0.27759,110,63,27,0.000125,0.002749
chexpert_plus_valid,discern_score,qwen35-0_8b,qwen35-9b,200,1.545,1.0,0.939875,2.275,0.323622,110,63,27,7e-06,0.000177
chexpert_plus_valid,discern_score,qwen35-0_8b,qwen35-27b,200,1.94,1.0,1.289875,2.64025,0.38667,119,60,21,0.0,5e-06
chexpert_plus_valid,discern_score,qwen35-0_8b,qwen35-35b-a3b,200,2.28,2.0,1.64475,2.98025,0.486302,129,53,18,0.0,0.0
chexpert_plus_valid,discern_score,qwen35-0_8b,qwen35-122b-a10b,200,2.215,2.0,1.564875,2.820125,0.461821,122,55,23,0.0,0.0
chexpert_plus_valid,discern_score,qwen35-0_8b,qwen35-397b-a17b,200,2.005,1.0,1.374625,2.63,0.410172,122,53,25,0.0,2e-06
chexpert_plus_valid,discern_score,qwen35-2b,qwen35-4b,200,0.37,0.0,-0.290125,1.07525,0.075935,90,87,23,0.567245,1.0
chexpert_plus_valid,discern_score,qwen35-2b,qwen35-9b,200,0.485,0.0,-0.115,1.065,0.115681,89,78,33,0.246495,1.0
chexpert_plus_valid,discern_score,qwen35-2b,qwen35-27b,200,0.88,0.0,0.259875,1.51,0.194943,92,65,43,0.012118,0.169645
chexpert_plus_valid,discern_score,qwen35-2b,qwen35-35b-a3b,200,1.22,1.0,0.635,1.885,0.278225,109,66,25,0.000107,0.00246
chexpert_plus_valid,discern_score,qwen35-2b,qwen35-122b-a10b,200,1.155,1.0,0.575,1.705,0.275242,103,58,39,0.00034,0.007135
chexpert_plus_valid,discern_score,qwen35-2b,qwen35-397b-a17b,200,0.945,0.0,0.3845,1.505,0.233394,99,67,34,0.001666,0.031652
chexpert_plus_valid,discern_score,qwen35-4b,qwen35-9b,200,0.115,0.0,-0.54,0.765,0.025554,86,84,30,0.877809,1.0
chexpert_plus_valid,discern_score,qwen35-4b,qwen35-27b,200,0.51,0.0,-0.135125,1.165,0.11054,89,81,30,0.262209,1.0
chexpert_plus_valid,discern_score,qwen35-4b,qwen35-35b-a3b,200,0.85,1.0,0.284875,1.43,0.205594,106,67,27,0.003172,0.057092
chexpert_plus_valid,discern_score,qwen35-4b,qwen35-122b-a10b,200,0.785,0.5,0.124875,1.43525,0.163349,100,64,36,0.008809,0.140938
chexpert_plus_valid,discern_score,qwen35-4b,qwen35-397b-a17b,200,0.575,1.0,-0.015125,1.13,0.141526,104,72,24,0.020681,0.268854
chexpert_plus_valid,discern_score,qwen35-9b,qwen35-27b,200,0.395,0.0,-0.145,0.950125,0.099633,94,74,32,0.096672,1.0
chexpert_plus_valid,discern_score,qwen35-9b,qwen35-35b-a3b,200,0.735,0.0,0.265,1.240375,0.207495,97,74,29,0.006119,0.104026
chexpert_plus_valid,discern_score,qwen35-9b,qwen35-122b-a10b,200,0.67,0.0,0.16,1.180125,0.176112,99,61,40,0.011165,0.167481
chexpert_plus_valid,discern_score,qwen35-9b,qwen35-397b-a17b,200,0.46,0.0,-0.085125,0.985125,0.118997,97,74,29,0.087734,1.0
chexpert_plus_valid,discern_score,qwen35-27b,qwen35-35b-a3b,200,0.34,0.0,-0.140125,0.84,0.094156,86,80,34,0.163017,1.0
chexpert_plus_valid,discern_score,qwen35-27b,qwen35-122b-a10b,200,0.275,0.0,-0.275,0.805,0.070085,96,70,34,0.126713,1.0
chexpert_plus_valid,discern_score,qwen35-27b,qwen35-397b-a17b,200,0.065,0.0,-0.555125,0.57,0.01674,89,79,32,0.50806,1.0
chexpert_plus_valid,discern_score,qwen35-35b-a3b,qwen35-122b-a10b,200,-0.065,0.0,-0.615125,0.415,-0.017212,83,79,38,0.857242,1.0
chexpert_plus_valid,discern_score,qwen35-35b-a3b,qwen35-397b-a17b,200,-0.275,0.0,-0.780125,0.180125,-0.077097,79,86,35,0.289667,1.0
chexpert_plus_valid,discern_score,qwen35-122b-a10b,qwen35-397b-a17b,200,-0.21,0.0,-0.695,0.26,-0.061594,70,96,34,0.140139,1.0
chexpert_plus_valid,mini_discern_score,qwen35-0_8b,qwen35-2b,200,0.65,0.5,0.22,1.045125,0.215675,100,52,48,0.000909,0.020915
chexpert_plus_valid,mini_discern_score,qwen35-0_8b,qwen35-4b,200,0.82,0.5,0.444875,1.22,0.292542,100,48,52,2.3e-05,0.000586
chexpert_plus_valid,mini_discern_score,qwen35-0_8b,qwen35-9b,200,0.67,0.0,0.275,1.065125,0.232243,98,53,49,0.001364,0.030016
chexpert_plus_valid,mini_discern_score,qwen35-0_8b,qwen35-27b,200,1.05,0.5,0.694875,1.405125,0.390672,100,45,55,0.0,6e-06
chexpert_plus_valid,mini_discern_score,qwen35-0_8b,qwen35-35b-a3b,200,1.065,1.0,0.695,1.435,0.391295,103,42,55,0.0,5e-06
chexpert_plus_valid,mini_discern_score,qwen35-0_8b,qwen35-122b-a10b,200,0.78,0.0,0.415,1.12,0.297677,95,55,50,5e-05,0.001262
chexpert_plus_valid,mini_discern_score,qwen35-0_8b,qwen35-397b-a17b,200,0.76,0.0,0.4,1.1,0.280538,98,49,53,0.000221,0.005314
chexpert_plus_valid,mini_discern_score,qwen35-2b,qwen35-4b,200,0.17,0.0,-0.23,0.600125,0.059615,71,68,61,0.437154,1.0
chexpert_plus_valid,mini_discern_score,qwen35-2b,qwen35-9b,200,0.02,0.0,-0.4,0.44,0.006795,69,73,58,0.807192,1.0
chexpert_plus_valid,mini_discern_score,qwen35-2b,qwen35-27b,200,0.4,0.0,-0.000125,0.835,0.132926,76,57,67,0.039957,0.717337
chexpert_plus_valid,mini_discern_score,qwen35-2b,qwen35-35b-a3b,200,0.415,0.0,0.054625,0.82,0.149935,76,57,67,0.017753,0.372805
chexpert_plus_valid,mini_discern_score,qwen35-2b,qwen35-122b-a10b,200,0.13,0.0,-0.255,0.50525,0.045838,70,68,62,0.453838,1.0
chexpert_plus_valid,mini_discern_score,qwen35-2b,qwen35-397b-a17b,200,0.11,0.0,-0.215,0.46525,0.043482,68,67,65,0.628082,1.0
chexpert_plus_valid,mini_discern_score,qwen35-4b,qwen35-9b,200,-0.15,0.0,-0.525,0.21,-0.056402,57,73,70,0.315855,1.0
chexpert_plus_valid,mini_discern_score,qwen35-4b,qwen35-27b,200,0.23,0.0,-0.165375,0.620125,0.082427,75,64,61,0.31468,1.0
chexpert_plus_valid,mini_discern_score,qwen35-4b,qwen35-35b-a3b,200,0.245,0.0,-0.075,0.605,0.099481,66,58,76,0.213037,1.0
chexpert_plus_valid,mini_discern_score,qwen35-4b,qwen35-122b-a10b,200,-0.04,0.0,-0.42,0.320125,-0.01482,59,70,71,0.907656,1.0
chexpert_plus_valid,mini_discern_score,qwen35-4b,qwen35-397b-a17b,200,-0.06,0.0,-0.390125,0.275,-0.025345,64,68,68,0.39846,1.0
chexpert_plus_valid,mini_discern_score,qwen35-9b,qwen35-27b,200,0.38,0.0,0.01,0.785125,0.139856,75,61,64,0.030167,0.603342
chexpert_plus_valid,mini_discern_score,qwen35-9b,qwen35-35b-a3b,200,0.395,0.0,0.039875,0.76525,0.148089,68,53,79,0.03545,0.673556
chexpert_plus_valid,mini_discern_score,qwen35-9b,qwen35-122b-a10b,200,0.11,0.0,-0.230125,0.445125,0.044217,72,55,73,0.505761,1.0
chexpert_plus_valid,mini_discern_score,qwen35-9b,qwen35-397b-a17b,200,0.09,0.0,-0.25,0.445125,0.035621,63,66,71,0.953677,1.0
chexpert_plus_valid,mini_discern_score,qwen35-27b,qwen35-35b-a3b,200,0.015,0.0,-0.285,0.325,0.006855,51,54,95,0.960052,1.0
chexpert_plus_valid,mini_discern_score,qwen35-27b,qwen35-122b-a10b,200,-0.27,0.0,-0.600125,0.05,-0.114558,60,69,71,0.146624,1.0
chexpert_plus_valid,mini_discern_score,qwen35-27b,qwen35-397b-a17b,200,-0.29,0.0,-0.645125,0.04,-0.117549,60,72,68,0.112481,1.0
chexpert_plus_valid,mini_discern_score,qwen35-35b-a3b,qwen35-122b-a10b,200,-0.285,0.0,-0.62,0.025,-0.12671,59,68,73,0.16042,1.0
chexpert_plus_valid,mini_discern_score,qwen35-35b-a3b,qwen35-397b-a17b,200,-0.305,0.0,-0.625,0.005125,-0.132377,56,79,65,0.039852,0.717337
chexpert_plus_valid,mini_discern_score,qwen35-122b-a10b,qwen35-397b-a17b,200,-0.02,0.0,-0.32,0.280125,-0.008976,60,66,74,0.709105,1.0
mimic_cxr_test,bleu,qwen35-0_8b,qwen35-2b,3031,-0.006381,-0.003199,-0.008713,-0.003998,-0.099183,1443,1581,7,6.7e-05,0.000534
mimic_cxr_test,bleu,qwen35-0_8b,qwen35-4b,3031,-0.006227,-0.003235,-0.008467,-0.004155,-0.103357,1424,1602,5,1.4e-05,0.000126
mimic_cxr_test,bleu,qwen35-0_8b,qwen35-9b,3031,0.001544,0.00308,-0.000619,0.003599,0.025658,1594,1428,9,0.018462,0.073846
mimic_cxr_test,bleu,qwen35-0_8b,qwen35-27b,3031,-0.00596,-0.000604,-0.008268,-0.003671,-0.093378,1496,1528,7,0.001579,0.009671
mimic_cxr_test,bleu,qwen35-0_8b,qwen35-35b-a3b,3031,-0.018566,-0.015224,-0.020996,-0.016222,-0.274265,1181,1840,10,0.0,0.0
mimic_cxr_test,bleu,qwen35-0_8b,qwen35-122b-a10b,3031,-0.013996,-0.007032,-0.016437,-0.011493,-0.202227,1322,1696,13,0.0,0.0
mimic_cxr_test,bleu,qwen35-0_8b,qwen35-397b-a17b,3031,-0.017266,-0.010548,-0.01989,-0.014808,-0.239853,1271,1747,13,0.0,0.0
mimic_cxr_test,bleu,qwen35-2b,qwen35-4b,3031,0.000155,0.0,-0.002042,0.002297,0.002596,1509,1511,11,0.890045,1.0
mimic_cxr_test,bleu,qwen35-2b,qwen35-9b,3031,0.007926,0.004566,0.00568,0.010095,0.126558,1616,1407,8,0.0,0.0
mimic_cxr_test,bleu,qwen35-2b,qwen35-27b,3031,0.000421,0.000237,-0.001884,0.002641,0.00674,1519,1503,9,0.639545,1.0
mimic_cxr_test,bleu,qwen35-2b,qwen35-35b-a3b,3031,-0.012184,-0.013004,-0.014894,-0.009581,-0.180182,1227,1798,6,0.0,0.0
mimic_cxr_test,bleu,qwen35-2b,qwen35-122b-a10b,3031,-0.007615,-0.005224,-0.010058,-0.005129,-0.116023,1397,1622,12,0.0,0.0
mimic_cxr_test,bleu,qwen35-2b,qwen35-397b-a17b,3031,-0.010884,-0.008477,-0.013481,-0.008469,-0.166574,1304,1718,9,0.0,0.0
mimic_cxr_test,bleu,qwen35-4b,qwen35-9b,3031,0.007771,0.006079,0.005919,0.009613,0.149036,1682,1343,6,0.0,0.0
mimic_cxr_test,bleu,qwen35-4b,qwen35-27b,3031,0.000267,0.001966,-0.001626,0.002008,0.005177,1565,1453,13,0.184183,0.552548
mimic_cxr_test,bleu,qwen35-4b,qwen35-35b-a3b,3031,-0.012339,-0.011644,-0.014659,-0.010057,-0.194672,1214,1812,5,0.0,0.0
mimic_cxr_test,bleu,qwen35-4b,qwen35-122b-a10b,3031,-0.007769,-0.005337,-0.009814,-0.00551,-0.131677,1382,1637,12,0.0,0.0
mimic_cxr_test,bleu,qwen35-4b,qwen35-397b-a17b,3031,-0.011039,-0.007905,-0.01327,-0.008723,-0.172831,1313,1711,7,0.0,0.0
mimic_cxr_test,bleu,qwen35-9b,qwen35-27b,3031,-0.007505,-0.003763,-0.009398,-0.005637,-0.140783,1407,1615,9,0.0,0.0
mimic_cxr_test,bleu,qwen35-9b,qwen35-35b-a3b,3031,-0.02011,-0.017544,-0.022477,-0.017692,-0.313876,1071,1952,8,0.0,0.0
mimic_cxr_test,bleu,qwen35-9b,qwen35-122b-a10b,3031,-0.01554,-0.010151,-0.017737,-0.013403,-0.256944,1222,1804,5,0.0,0.0
mimic_cxr_test,bleu,qwen35-9b,qwen35-397b-a17b,3031,-0.01881,-0.013108,-0.021019,-0.016597,-0.288676,1179,1840,12,0.0,0.0
mimic_cxr_test,bleu,qwen35-27b,qwen35-35b-a3b,3031,-0.012605,-0.013267,-0.01481,-0.010246,-0.198193,1165,1861,5,0.0,0.0
mimic_cxr_test,bleu,qwen35-27b,qwen35-122b-a10b,3031,-0.008036,-0.006757,-0.010069,-0.005911,-0.140245,1326,1692,13,0.0,0.0
mimic_cxr_test,bleu,qwen35-27b,qwen35-397b-a17b,3031,-0.011305,-0.008489,-0.0135,-0.0092,-0.184835,1290,1732,9,0.0,0.0
mimic_cxr_test,bleu,qwen35-35b-a3b,qwen35-122b-a10b,3031,0.00457,0.005795,0.00232,0.007006,0.070508,1674,1346,11,0.0,0.0
mimic_cxr_test,bleu,qwen35-35b-a3b,qwen35-397b-a17b,3031,0.0013,0.004124,-0.001049,0.003802,0.019466,1623,1402,6,0.001382,0.009671
mimic_cxr_test,bleu,qwen35-122b-a10b,qwen35-397b-a17b,3031,-0.00327,-0.001621,-0.005688,-0.000912,-0.051255,1470,1546,15,0.010653,0.053265
mimic_cxr_test,rouge,qwen35-0_8b,qwen35-2b,3031,-0.004068,-0.002899,-0.006227,-0.001856,-0.066807,1463,1559,9,0.002755,0.008264
mimic_cxr_test,rouge,qwen35-0_8b,qwen35-4b,3031,-0.007643,-0.006778,-0.00977,-0.005601,-0.128431,1374,1653,4,0.0,0.0
mimic_cxr_test,rouge,qwen35-0_8b,qwen35-9b,3031,0.003188,0.004231,0.000965,0.005164,0.054448,1597,1426,8,0.000501,0.002005
mimic_cxr_test,rouge,qwen35-0_8b,qwen35-27b,3031,-0.010435,-0.008613,-0.012649,-0.008307,-0.170512,1330,1697,4,0.0,0.0
mimic_cxr_test,rouge,qwen35-0_8b,qwen35-35b-a3b,3031,-0.022855,-0.019695,-0.025014,-0.020686,-0.347957,1126,1900,5,0.0,0.0
mimic_cxr_test,rouge,qwen35-0_8b,qwen35-122b-a10b,3031,-0.01773,-0.013315,-0.020323,-0.015406,-0.268513,1227,1796,8,0.0,0.0
mimic_cxr_test,rouge,qwen35-0_8b,qwen35-397b-a17b,3031,-0.017958,-0.014147,-0.020453,-0.015678,-0.266224,1223,1801,7,0.0,0.0
mimic_cxr_test,rouge,qwen35-2b,qwen35-4b,3031,-0.003575,-0.004432,-0.005712,-0.001534,-0.063553,1414,1611,6,0.000199,0.000997
mimic_cxr_test,rouge,qwen35-2b,qwen35-9b,3031,0.007256,0.006005,0.005057,0.009374,0.125118,1640,1380,11,0.0,0.0
mimic_cxr_test,rouge,qwen35-2b,qwen35-27b,3031,-0.006367,-0.008065,-0.008526,-0.004419,-0.111486,1322,1703,6,0.0,0.0
mimic_cxr_test,rouge,qwen35-2b,qwen35-35b-a3b,3031,-0.018787,-0.017079,-0.021106,-0.016539,-0.297788,1119,1906,6,0.0,0.0
mimic_cxr_test,rouge,qwen35-2b,qwen35-122b-a10b,3031,-0.013662,-0.012165,-0.016031,-0.011539,-0.222687,1230,1793,8,0.0,0.0
mimic_cxr_test,rouge,qwen35-2b,qwen35-397b-a17b,3031,-0.01389,-0.011771,-0.01611,-0.011675,-0.224822,1233,1791,7,0.0,0.0
mimic_cxr_test,rouge,qwen35-4b,qwen35-9b,3031,0.010831,0.009737,0.008904,0.012645,0.205597,1765,1257,9,0.0,0.0
mimic_cxr_test,rouge,qwen35-4b,qwen35-27b,3031,-0.002792,-0.002801,-0.004523,-0.001008,-0.054016,1431,1587,13,0.004138,0.008276
mimic_cxr_test,rouge,qwen35-4b,qwen35-35b-a3b,3031,-0.015212,-0.012987,-0.017355,-0.013162,-0.253367,1184,1837,10,0.0,0.0
mimic_cxr_test,rouge,qwen35-4b,qwen35-122b-a10b,3031,-0.010087,-0.008055,-0.012108,-0.007991,-0.175333,1327,1690,14,0.0,0.0
mimic_cxr_test,rouge,qwen35-4b,qwen35-397b-a17b,3031,-0.010315,-0.00689,-0.012369,-0.008114,-0.173018,1355,1665,11,0.0,0.0
mimic_cxr_test,rouge,qwen35-9b,qwen35-27b,3031,-0.013623,-0.011941,-0.01561,-0.011777,-0.251295,1209,1816,6,0.0,0.0
mimic_cxr_test,rouge,qwen35-9b,qwen35-35b-a3b,3031,-0.026043,-0.023776,-0.028011,-0.023856,-0.434866,975,2050,6,0.0,0.0
mimic_cxr_test,rouge,qwen35-9b,qwen35-122b-a10b,3031,-0.020918,-0.016712,-0.023023,-0.018862,-0.357288,1117,1908,6,0.0,0.0
mimic_cxr_test,rouge,qwen35-9b,qwen35-397b-a17b,3031,-0.021146,-0.017946,-0.023266,-0.018941,-0.345812,1120,1897,14,0.0,0.0
mimic_cxr_test,rouge,qwen35-27b,qwen35-35b-a3b,3031,-0.01242,-0.011204,-0.014341,-0.010454,-0.215214,1221,1801,9,0.0,0.0
mimic_cxr_test,rouge,qwen35-27b,qwen35-122b-a10b,3031,-0.007295,-0.006974,-0.009224,-0.005397,-0.133834,1360,1662,9,0.0,0.0
mimic_cxr_test,rouge,qwen35-27b,qwen35-397b-a17b,3031,-0.007523,-0.005652,-0.009472,-0.00536,-0.13401,1359,1664,8,0.0,0.0
mimic_cxr_test,rouge,qwen35-35b-a3b,qwen35-122b-a10b,3031,0.005125,0.006154,0.003102,0.007237,0.084161,1639,1381,11,0.0,1e-06
mimic_cxr_test,rouge,qwen35-35b-a3b,qwen35-397b-a17b,3031,0.004897,0.005269,0.002833,0.007231,0.078885,1622,1398,11,0.0,2e-06
mimic_cxr_test,rouge,qwen35-122b-a10b,qwen35-397b-a17b,3031,-0.000228,0.000752,-0.002267,0.001985,-0.003874,1529,1486,16,0.686284,0.686284
mimic_cxr_test,meteor,qwen35-0_8b,qwen35-2b,3031,-0.012567,-0.01026,-0.015161,-0.01006,-0.17688,1325,1706,0,0.0,0.0
mimic_cxr_test,meteor,qwen35-0_8b,qwen35-4b,3031,-0.025433,-0.022783,-0.027952,-0.02289,-0.364507,1086,1944,1,0.0,0.0
mimic_cxr_test,meteor,qwen35-0_8b,qwen35-9b,3031,-0.014063,-0.010907,-0.016649,-0.011582,-0.194523,1328,1701,2,0.0,0.0
mimic_cxr_test,meteor,qwen35-0_8b,qwen35-27b,3031,-0.034781,-0.03239,-0.037304,-0.032282,-0.489404,920,2108,3,0.0,0.0
mimic_cxr_test,meteor,qwen35-0_8b,qwen35-35b-a3b,3031,-0.026975,-0.023935,-0.029734,-0.024314,-0.350113,1112,1918,1,0.0,0.0
mimic_cxr_test,meteor,qwen35-0_8b,qwen35-122b-a10b,3031,-0.03123,-0.028074,-0.034018,-0.028552,-0.402233,1030,1999,2,0.0,0.0
mimic_cxr_test,meteor,qwen35-0_8b,qwen35-397b-a17b,3031,-0.0296,-0.025879,-0.032184,-0.026973,-0.385913,1038,1993,0,0.0,0.0
mimic_cxr_test,meteor,qwen35-2b,qwen35-4b,3031,-0.012866,-0.012496,-0.015317,-0.010599,-0.189153,1274,1755,2,0.0,0.0
mimic_cxr_test,meteor,qwen35-2b,qwen35-9b,3031,-0.001496,-0.000584,-0.004005,0.001,-0.021523,1500,1530,1,0.388503,0.777007
mimic_cxr_test,meteor,qwen35-2b,qwen35-27b,3031,-0.022214,-0.022133,-0.024881,-0.019852,-0.325697,1104,1925,2,0.0,0.0
mimic_cxr_test,meteor,qwen35-2b,qwen35-35b-a3b,3031,-0.014408,-0.014415,-0.016993,-0.011838,-0.194478,1282,1747,2,0.0,0.0
mimic_cxr_test,meteor,qwen35-2b,qwen35-122b-a10b,3031,-0.018663,-0.016446,-0.02137,-0.016152,-0.259087,1169,1860,2,0.0,0.0
mimic_cxr_test,meteor,qwen35-2b,qwen35-397b-a17b,3031,-0.017033,-0.016276,-0.019561,-0.014653,-0.243219,1201,1828,2,0.0,0.0
mimic_cxr_test,meteor,qwen35-4b,qwen35-9b,3031,0.01137,0.011521,0.009055,0.013774,0.175585,1767,1263,1,0.0,0.0
mimic_cxr_test,meteor,qwen35-4b,qwen35-27b,3031,-0.009348,-0.009502,-0.011665,-0.007037,-0.150147,1313,1714,4,0.0,0.0
mimic_cxr_test,meteor,qwen35-4b,qwen35-35b-a3b,3031,-0.001542,-0.001502,-0.004056,0.001054,-0.021827,1484,1545,2,0.515539,0.777007
mimic_cxr_test,meteor,qwen35-4b,qwen35-122b-a10b,3031,-0.005797,-0.003891,-0.008365,-0.003262,-0.085167,1432,1598,1,5e-05,0.000404
mimic_cxr_test,meteor,qwen35-4b,qwen35-397b-a17b,3031,-0.004167,-0.00381,-0.006707,-0.001719,-0.060505,1434,1597,0,0.002874,0.017246
mimic_cxr_test,meteor,qwen35-9b,qwen35-27b,3031,-0.020717,-0.020675,-0.0231,-0.018391,-0.32076,1107,1922,2,0.0,0.0
mimic_cxr_test,meteor,qwen35-9b,qwen35-35b-a3b,3031,-0.012912,-0.012509,-0.015545,-0.010338,-0.180572,1300,1730,1,0.0,0.0
mimic_cxr_test,meteor,qwen35-9b,qwen35-122b-a10b,3031,-0.017167,-0.016126,-0.019601,-0.014779,-0.249394,1221,1809,1,0.0,0.0
mimic_cxr_test,meteor,qwen35-9b,qwen35-397b-a17b,3031,-0.015537,-0.013345,-0.017826,-0.013132,-0.230105,1229,1798,4,0.0,0.0
mimic_cxr_test,meteor,qwen35-27b,qwen35-35b-a3b,3031,0.007805,0.008783,0.005568,0.010473,0.113813,1673,1356,2,0.0,0.0
mimic_cxr_test,meteor,qwen35-27b,qwen35-122b-a10b,3031,0.003551,0.003619,0.001227,0.006065,0.053293,1593,1431,7,0.000597,0.004177
mimic_cxr_test,meteor,qwen35-27b,qwen35-397b-a17b,3031,0.00518,0.004967,0.002951,0.007432,0.080769,1637,1393,1,1e-06,5e-06
mimic_cxr_test,meteor,qwen35-35b-a3b,qwen35-122b-a10b,3031,-0.004255,-0.003265,-0.006698,-0.001781,-0.060356,1461,1567,3,0.004188,0.02094
mimic_cxr_test,meteor,qwen35-35b-a3b,qwen35-397b-a17b,3031,-0.002625,-0.001823,-0.00499,-0.000154,-0.037136,1475,1554,2,0.072961,0.291845
mimic_cxr_test,meteor,qwen35-122b-a10b,qwen35-397b-a17b,3031,0.00163,0.001538,-0.00072,0.004095,0.024242,1548,1480,3,0.182211,0.546632
mimic_cxr_test,bertscore,qwen35-0_8b,qwen35-2b,3031,-0.000921,-0.000708,-0.001323,-0.000535,-0.083654,1418,1613,0,3.7e-05,0.000186
mimic_cxr_test,bertscore,qwen35-0_8b,qwen35-4b,3031,-0.003153,-0.002929,-0.003536,-0.002779,-0.295438,1158,1873,0,0.0,0.0
mimic_cxr_test,bertscore,qwen35-0_8b,qwen35-9b,3031,-0.001883,-0.001595,-0.002242,-0.001543,-0.177904,1315,1716,0,0.0,0.0
mimic_cxr_test,bertscore,qwen35-0_8b,qwen35-27b,3031,-0.001601,-0.001269,-0.00199,-0.00122,-0.145417,1370,1661,0,0.0,0.0
mimic_cxr_test,bertscore,qwen35-0_8b,qwen35-35b-a3b,3031,-0.005558,-0.005105,-0.005988,-0.005171,-0.477509,950,2081,0,0.0,0.0
mimic_cxr_test,bertscore,qwen35-0_8b,qwen35-122b-a10b,3031,-0.004723,-0.004276,-0.005153,-0.004337,-0.404351,1047,1984,0,0.0,0.0
mimic_cxr_test,bertscore,qwen35-0_8b,qwen35-397b-a17b,3031,-0.005473,-0.005029,-0.005889,-0.005034,-0.460102,949,2082,0,0.0,0.0
mimic_cxr_test,bertscore,qwen35-2b,qwen35-4b,3031,-0.002232,-0.001864,-0.002614,-0.001896,-0.223721,1227,1804,0,0.0,0.0
mimic_cxr_test,bertscore,qwen35-2b,qwen35-9b,3031,-0.000962,-0.001175,-0.001325,-0.000601,-0.09223,1367,1664,0,0.0,0.0
mimic_cxr_test,bertscore,qwen35-2b,qwen35-27b,3031,-0.000679,-0.000465,-0.001073,-0.000307,-0.065645,1464,1566,1,0.000956,0.002869
mimic_cxr_test,bertscore,qwen35-2b,qwen35-35b-a3b,3031,-0.004636,-0.004361,-0.005048,-0.004207,-0.415543,1009,2022,0,0.0,0.0
mimic_cxr_test,bertscore,qwen35-2b,qwen35-122b-a10b,3031,-0.003802,-0.003479,-0.004217,-0.003393,-0.352549,1124,1907,0,0.0,0.0
mimic_cxr_test,bertscore,qwen35-2b,qwen35-397b-a17b,3031,-0.004551,-0.004156,-0.004958,-0.004139,-0.41033,1043,1988,0,0.0,0.0
mimic_cxr_test,bertscore,qwen35-4b,qwen35-9b,3031,0.00127,0.001049,0.000953,0.001594,0.136558,1651,1380,0,0.0,0.0
mimic_cxr_test,bertscore,qwen35-4b,qwen35-27b,3031,0.001552,0.001508,0.001234,0.001879,0.171794,1761,1270,0,0.0,0.0
mimic_cxr_test,bertscore,qwen35-4b,qwen35-35b-a3b,3031,-0.002405,-0.002166,-0.002775,-0.002037,-0.231284,1226,1805,0,0.0,0.0
mimic_cxr_test,bertscore,qwen35-4b,qwen35-122b-a10b,3031,-0.00157,-0.001194,-0.001934,-0.001202,-0.159077,1342,1689,0,0.0,0.0
mimic_cxr_test,bertscore,qwen35-4b,qwen35-397b-a17b,3031,-0.00232,-0.001884,-0.002679,-0.001921,-0.222896,1240,1791,0,0.0,0.0
mimic_cxr_test,bertscore,qwen35-9b,qwen35-27b,3031,0.000283,0.00036,-7.3e-05,0.000622,0.029557,1567,1464,0,0.01231,0.02462
mimic_cxr_test,bertscore,qwen35-9b,qwen35-35b-a3b,3031,-0.003674,-0.003393,-0.004028,-0.003312,-0.359914,1077,1954,0,0.0,0.0
mimic_cxr_test,bertscore,qwen35-9b,qwen35-122b-a10b,3031,-0.00284,-0.002203,-0.003198,-0.002498,-0.282044,1219,1812,0,0.0,0.0
mimic_cxr_test,bertscore,qwen35-9b,qwen35-397b-a17b,3031,-0.003589,-0.002937,-0.003964,-0.00322,-0.343451,1159,1872,0,0.0,0.0
mimic_cxr_test,bertscore,qwen35-27b,qwen35-35b-a3b,3031,-0.003957,-0.003818,-0.004304,-0.003595,-0.389529,1012,2019,0,0.0,0.0
mimic_cxr_test,bertscore,qwen35-27b,qwen35-122b-a10b,3031,-0.003122,-0.002707,-0.003458,-0.002794,-0.330834,1142,1889,0,0.0,0.0
mimic_cxr_test,bertscore,qwen35-27b,qwen35-397b-a17b,3031,-0.003872,-0.003383,-0.004194,-0.003527,-0.394103,1009,2022,0,0.0,0.0
mimic_cxr_test,bertscore,qwen35-35b-a3b,qwen35-122b-a10b,3031,0.000835,0.000968,0.000463,0.001228,0.080566,1648,1380,3,1e-06,5e-06
mimic_cxr_test,bertscore,qwen35-35b-a3b,qwen35-397b-a17b,3031,8.5e-05,0.000413,-0.000309,0.000471,0.007947,1570,1461,0,0.154041,0.154041
mimic_cxr_test,bertscore,qwen35-122b-a10b,qwen35-397b-a17b,3031,-0.00075,-0.000491,-0.001106,-0.000384,-0.074294,1445,1586,0,6.2e-05,0.000249
mimic_cxr_test,radgraph,qwen35-0_8b,qwen35-2b,3031,-0.011295,-0.006667,-0.01433,-0.008691,-0.145663,1327,1635,69,0.0,0.0
mimic_cxr_test,radgraph,qwen35-0_8b,qwen35-4b,3031,-0.016885,-0.012536,-0.019525,-0.014224,-0.222158,1277,1698,56,0.0,0.0
mimic_cxr_test,radgraph,qwen35-0_8b,qwen35-9b,3031,-0.012101,-0.008602,-0.01507,-0.00935,-0.156343,1303,1662,66,0.0,0.0
mimic_cxr_test,radgraph,qwen35-0_8b,qwen35-27b,3031,-0.022157,-0.016552,-0.02509,-0.019324,-0.280909,1164,1808,59,0.0,0.0
mimic_cxr_test,radgraph,qwen35-0_8b,qwen35-35b-a3b,3031,-0.025904,-0.021739,-0.029099,-0.023184,-0.308133,1089,1879,63,0.0,0.0
mimic_cxr_test,radgraph,qwen35-0_8b,qwen35-122b-a10b,3031,-0.028066,-0.023875,-0.031181,-0.025242,-0.3352,1124,1851,56,0.0,0.0
mimic_cxr_test,radgraph,qwen35-0_8b,qwen35-397b-a17b,3031,-0.026939,-0.022511,-0.030074,-0.023758,-0.312083,1121,1857,53,0.0,0.0
mimic_cxr_test,radgraph,qwen35-2b,qwen35-4b,3031,-0.005591,-0.002805,-0.008333,-0.002964,-0.075973,1405,1566,60,3.4e-05,0.000304
mimic_cxr_test,radgraph,qwen35-2b,qwen35-9b,3031,-0.000807,0.0,-0.00368,0.001784,-0.010657,1475,1486,70,0.591659,1.0
mimic_cxr_test,radgraph,qwen35-2b,qwen35-27b,3031,-0.010862,-0.008782,-0.013656,-0.008335,-0.147385,1307,1662,62,0.0,0.0
mimic_cxr_test,radgraph,qwen35-2b,qwen35-35b-a3b,3031,-0.01461,-0.013333,-0.017529,-0.01194,-0.178143,1237,1724,70,0.0,0.0
mimic_cxr_test,radgraph,qwen35-2b,qwen35-122b-a10b,3031,-0.016771,-0.014512,-0.019691,-0.013923,-0.21382,1233,1745,53,0.0,0.0
mimic_cxr_test,radgraph,qwen35-2b,qwen35-397b-a17b,3031,-0.015644,-0.012942,-0.018495,-0.012735,-0.195633,1223,1739,69,0.0,0.0
mimic_cxr_test,radgraph,qwen35-4b,qwen35-9b,3031,0.004784,0.001241,0.002142,0.00721,0.068258,1523,1444,64,0.000226,0.001584
mimic_cxr_test,radgraph,qwen35-4b,qwen35-27b,3031,-0.005272,-0.002984,-0.007826,-0.002735,-0.076185,1412,1556,63,6.9e-05,0.000548
mimic_cxr_test,radgraph,qwen35-4b,qwen35-35b-a3b,3031,-0.009019,-0.008195,-0.011768,-0.006376,-0.114658,1328,1648,55,0.0,0.0
mimic_cxr_test,radgraph,qwen35-4b,qwen35-122b-a10b,3031,-0.01118,-0.009524,-0.013833,-0.008553,-0.153482,1277,1707,47,0.0,0.0
mimic_cxr_test,radgraph,qwen35-4b,qwen35-397b-a17b,3031,-0.010053,-0.007663,-0.012738,-0.007248,-0.12881,1315,1666,50,0.0,0.0
mimic_cxr_test,radgraph,qwen35-9b,qwen35-27b,3031,-0.010056,-0.007353,-0.012522,-0.007363,-0.142942,1326,1647,58,0.0,0.0
mimic_cxr_test,radgraph,qwen35-9b,qwen35-35b-a3b,3031,-0.013803,-0.010398,-0.01647,-0.011188,-0.178516,1272,1703,56,0.0,0.0
mimic_cxr_test,radgraph,qwen35-9b,qwen35-122b-a10b,3031,-0.015964,-0.012676,-0.01873,-0.013353,-0.215306,1226,1748,57,0.0,0.0
mimic_cxr_test,radgraph,qwen35-9b,qwen35-397b-a17b,3031,-0.014837,-0.012267,-0.01746,-0.011945,-0.190515,1238,1737,56,0.0,0.0
mimic_cxr_test,radgraph,qwen35-27b,qwen35-35b-a3b,3031,-0.003747,-0.004326,-0.006224,-0.001219,-0.050448,1397,1580,54,0.001626,0.008129
mimic_cxr_test,radgraph,qwen35-27b,qwen35-122b-a10b,3031,-0.005909,-0.004134,-0.008437,-0.003292,-0.085129,1383,1590,58,9e-06,9.4e-05
mimic_cxr_test,radgraph,qwen35-27b,qwen35-397b-a17b,3031,-0.004782,-0.003584,-0.007178,-0.001929,-0.065714,1389,1577,65,0.000745,0.004468
mimic_cxr_test,radgraph,qwen35-35b-a3b,qwen35-122b-a10b,3031,-0.002161,-0.0,-0.004682,0.00058,-0.027942,1445,1516,70,0.233077,0.932307
mimic_cxr_test,radgraph,qwen35-35b-a3b,qwen35-397b-a17b,3031,-0.001034,0.0,-0.00377,0.00177,-0.012904,1483,1479,69,0.652934,1.0
mimic_cxr_test,radgraph,qwen35-122b-a10b,qwen35-397b-a17b,3031,0.001127,0.0,-0.001446,0.003954,0.014975,1478,1486,67,0.436698,1.0
mimic_cxr_test,green,qwen35-0_8b,qwen35-2b,3031,-0.01816,0.0,-0.025247,-0.011386,-0.095532,1162,1444,425,0.0,0.0
mimic_cxr_test,green,qwen35-0_8b,qwen35-4b,3031,-0.060429,-0.047619,-0.067909,-0.053078,-0.302328,911,1710,410,0.0,0.0
mimic_cxr_test,green,qwen35-0_8b,qwen35-9b,3031,-0.057661,-0.027778,-0.064888,-0.050075,-0.275379,983,1590,458,0.0,0.0
mimic_cxr_test,green,qwen35-0_8b,qwen35-27b,3031,-0.074327,-0.05,-0.082475,-0.066897,-0.348666,881,1740,410,0.0,0.0
mimic_cxr_test,green,qwen35-0_8b,qwen35-35b-a3b,3031,-0.060164,-0.041667,-0.067575,-0.052916,-0.290635,948,1682,401,0.0,0.0
mimic_cxr_test,green,qwen35-0_8b,qwen35-122b-a10b,3031,-0.073721,-0.057143,-0.080672,-0.066364,-0.36243,882,1768,381,0.0,0.0
mimic_cxr_test,green,qwen35-0_8b,qwen35-397b-a17b,3031,-0.055396,-0.041667,-0.063001,-0.048072,-0.272094,968,1663,400,0.0,0.0
mimic_cxr_test,green,qwen35-2b,qwen35-4b,3031,-0.042268,-0.017857,-0.048508,-0.035404,-0.225255,1021,1546,464,0.0,0.0
mimic_cxr_test,green,qwen35-2b,qwen35-9b,3031,-0.039501,-0.013889,-0.046433,-0.031966,-0.200329,1072,1524,435,0.0,0.0
mimic_cxr_test,green,qwen35-2b,qwen35-27b,3031,-0.056166,-0.033333,-0.062887,-0.048827,-0.28373,983,1609,439,0.0,0.0
mimic_cxr_test,green,qwen35-2b,qwen35-35b-a3b,3031,-0.042004,-0.017857,-0.048936,-0.035272,-0.218879,1027,1529,475,0.0,0.0
mimic_cxr_test,green,qwen35-2b,qwen35-122b-a10b,3031,-0.055561,-0.035714,-0.062034,-0.048628,-0.291041,939,1641,451,0.0,0.0
mimic_cxr_test,green,qwen35-2b,qwen35-397b-a17b,3031,-0.037235,0.0,-0.043866,-0.030348,-0.200289,1020,1505,506,0.0,0.0
mimic_cxr_test,green,qwen35-4b,qwen35-9b,3031,0.002767,0.0,-0.004247,0.010326,0.013916,1317,1202,512,0.024109,0.168762
mimic_cxr_test,green,qwen35-4b,qwen35-27b,3031,-0.013898,0.0,-0.021279,-0.006928,-0.070685,1218,1336,477,0.005863,0.046907
mimic_cxr_test,green,qwen35-4b,qwen35-35b-a3b,3031,0.000264,0.0,-0.006651,0.006667,0.001352,1270,1286,475,0.653313,1.0
mimic_cxr_test,green,qwen35-4b,qwen35-122b-a10b,3031,-0.013293,0.0,-0.020377,-0.006103,-0.070121,1170,1338,523,0.000365,0.003648
mimic_cxr_test,green,qwen35-4b,qwen35-397b-a17b,3031,0.005033,0.0,-0.002029,0.011566,0.026237,1306,1244,481,0.133447,0.667236
mimic_cxr_test,green,qwen35-9b,qwen35-27b,3031,-0.016665,0.0,-0.02386,-0.010065,-0.084598,1157,1366,508,0.0,1e-06
mimic_cxr_test,green,qwen35-9b,qwen35-35b-a3b,3031,-0.002503,0.0,-0.009529,0.004667,-0.012568,1222,1299,510,0.104131,0.624784
mimic_cxr_test,green,qwen35-9b,qwen35-122b-a10b,3031,-0.01606,0.0,-0.022923,-0.009239,-0.084369,1139,1367,525,0.0,0.0
mimic_cxr_test,green,qwen35-9b,qwen35-397b-a17b,3031,0.002266,0.0,-0.004813,0.008664,0.011559,1226,1282,523,0.636965,1.0
mimic_cxr_test,green,qwen35-27b,qwen35-35b-a3b,3031,0.014163,0.0,0.007024,0.021149,0.070253,1295,1203,533,0.000886,0.007974
mimic_cxr_test,green,qwen35-27b,qwen35-122b-a10b,3031,0.000606,0.0,-0.006366,0.007574,0.003161,1214,1265,552,0.452211,1.0
mimic_cxr_test,green,qwen35-27b,qwen35-397b-a17b,3031,0.018931,0.0,0.011962,0.02526,0.097971,1316,1163,552,8e-06,9.8e-05
mimic_cxr_test,green,qwen35-35b-a3b,qwen35-122b-a10b,3031,-0.013557,0.0,-0.020295,-0.007256,-0.071434,1169,1346,516,3.6e-05,0.000396
mimic_cxr_test,green,qwen35-35b-a3b,qwen35-397b-a17b,3031,0.004769,0.0,-0.002449,0.01156,0.024467,1290,1215,526,0.230643,0.922572
mimic_cxr_test,green,qwen35-122b-a10b,qwen35-397b-a17b,3031,0.018326,0.0,0.011873,0.024934,0.097511,1346,1148,537,0.0,1e-06
mimic_cxr_test,crimson,qwen35-0_8b,qwen35-2b,3019,-0.065651,-0.0286,-0.080518,-0.049658,-0.153124,1163,1557,299,0.0,0.0
mimic_cxr_test,crimson,qwen35-0_8b,qwen35-4b,3019,-0.109956,-0.0714,-0.123919,-0.094525,-0.254419,1079,1666,274,0.0,0.0
mimic_cxr_test,crimson,qwen35-0_8b,qwen35-9b,3019,-0.129567,-0.0909,-0.143895,-0.115105,-0.311797,973,1701,345,0.0,0.0
mimic_cxr_test,crimson,qwen35-0_8b,qwen35-27b,3019,-0.151722,-0.1154,-0.166357,-0.136195,-0.35047,923,1777,319,0.0,0.0
mimic_cxr_test,crimson,qwen35-0_8b,qwen35-35b-a3b,3019,-0.168317,-0.1333,-0.18375,-0.152743,-0.384211,866,1815,338,0.0,0.0
mimic_cxr_test,crimson,qwen35-0_8b,qwen35-122b-a10b,3019,-0.159996,-0.1333,-0.175773,-0.144822,-0.371842,885,1833,301,0.0,0.0
mimic_cxr_test,crimson,qwen35-0_8b,qwen35-397b-a17b,3019,-0.15028,-0.1184,-0.166188,-0.135312,-0.346363,919,1778,322,0.0,0.0
mimic_cxr_test,crimson,qwen35-2b,qwen35-4b,3019,-0.044305,0.0,-0.059312,-0.029629,-0.108206,1180,1494,345,0.0,0.0
mimic_cxr_test,crimson,qwen35-2b,qwen35-9b,3019,-0.063916,-0.0072,-0.080337,-0.048572,-0.153793,1141,1512,366,0.0,0.0
mimic_cxr_test,crimson,qwen35-2b,qwen35-27b,3019,-0.086071,-0.0464,-0.100378,-0.071335,-0.205878,1069,1602,348,0.0,0.0
mimic_cxr_test,crimson,qwen35-2b,qwen35-35b-a3b,3019,-0.102666,-0.0667,-0.118222,-0.087424,-0.241112,1037,1626,356,0.0,0.0
mimic_cxr_test,crimson,qwen35-2b,qwen35-122b-a10b,3019,-0.094345,-0.0556,-0.11025,-0.078991,-0.224673,1048,1614,357,0.0,0.0
mimic_cxr_test,crimson,qwen35-2b,qwen35-397b-a17b,3019,-0.084629,-0.0556,-0.100893,-0.06811,-0.196582,1078,1610,331,0.0,0.0
mimic_cxr_test,crimson,qwen35-4b,qwen35-9b,3019,-0.019611,0.0,-0.032947,-0.005344,-0.050022,1239,1330,450,0.011763,0.078052
mimic_cxr_test,crimson,qwen35-4b,qwen35-27b,3019,-0.041766,0.0,-0.055895,-0.027255,-0.107088,1139,1443,437,0.0,0.0
mimic_cxr_test,crimson,qwen35-4b,qwen35-35b-a3b,3019,-0.058361,0.0,-0.07216,-0.04439,-0.147238,1118,1468,433,0.0,0.0
mimic_cxr_test,crimson,qwen35-4b,qwen35-122b-a10b,3019,-0.05004,0.0,-0.063784,-0.035025,-0.12621,1136,1458,425,0.0,0.0
mimic_cxr_test,crimson,qwen35-4b,qwen35-397b-a17b,3019,-0.040324,0.0,-0.053943,-0.026292,-0.101751,1141,1454,424,0.0,0.0
mimic_cxr_test,crimson,qwen35-9b,qwen35-27b,3019,-0.022155,0.0,-0.035589,-0.007166,-0.056885,1172,1383,464,0.000194,0.001555
mimic_cxr_test,crimson,qwen35-9b,qwen35-35b-a3b,3019,-0.03875,0.0,-0.052204,-0.025365,-0.102082,1139,1354,526,0.0,0.0
mimic_cxr_test,crimson,qwen35-9b,qwen35-122b-a10b,3019,-0.030429,0.0,-0.043887,-0.01519,-0.078121,1131,1397,491,1e-06,5e-06
mimic_cxr_test,crimson,qwen35-9b,qwen35-397b-a17b,3019,-0.020713,0.0,-0.035284,-0.006175,-0.052197,1166,1369,484,9.7e-05,0.000873
mimic_cxr_test,crimson,qwen35-27b,qwen35-35b-a3b,3019,-0.016595,0.0,-0.030374,-0.003082,-0.043682,1216,1289,514,0.037821,0.189104
mimic_cxr_test,crimson,qwen35-27b,qwen35-122b-a10b,3019,-0.008274,0.0,-0.022226,0.005381,-0.022213,1241,1279,499,0.446463,1.0
mimic_cxr_test,crimson,qwen35-27b,qwen35-397b-a17b,3019,0.001442,0.0,-0.012638,0.013598,0.003798,1291,1237,491,0.914879,1.0
mimic_cxr_test,crimson,qwen35-35b-a3b,qwen35-122b-a10b,3019,0.00832,0.0,-0.005751,0.02246,0.02165,1292,1237,490,0.236052,0.944208
mimic_cxr_test,crimson,qwen35-35b-a3b,qwen35-397b-a17b,3019,0.018037,0.0,0.003434,0.031652,0.046074,1305,1214,500,0.01115,0.078052
mimic_cxr_test,crimson,qwen35-122b-a10b,qwen35-397b-a17b,3019,0.009716,0.0,-0.005485,0.023378,0.025114,1295,1236,488,0.35171,1.0
mimic_cxr_test,discern_score,qwen35-0_8b,qwen35-2b,3031,0.403167,0.0,0.204281,0.609419,0.072017,1465,1304,262,0.000309,0.002162
mimic_cxr_test,discern_score,qwen35-0_8b,qwen35-4b,3031,1.554932,1.0,1.367445,1.752565,0.28082,1704,1047,280,0.0,0.0
mimic_cxr_test,discern_score,qwen35-0_8b,qwen35-9b,3031,1.689541,1.0,1.49981,1.875998,0.308235,1757,984,290,0.0,0.0
mimic_cxr_test,discern_score,qwen35-0_8b,qwen35-27b,3031,2.029693,2.0,1.848557,2.220406,0.372585,1803,963,265,0.0,0.0
mimic_cxr_test,discern_score,qwen35-0_8b,qwen35-35b-a3b,3031,2.384692,2.0,2.187669,2.579,0.436273,1908,852,271,0.0,0.0
mimic_cxr_test,discern_score,qwen35-0_8b,qwen35-122b-a10b,3031,2.263279,2.0,2.075206,2.459345,0.412107,1906,879,246,0.0,0.0
mimic_cxr_test,discern_score,qwen35-0_8b,qwen35-397b-a17b,3031,1.750247,1.0,1.566084,1.941966,0.315715,1758,1010,263,0.0,0.0
mimic_cxr_test,discern_score,qwen35-2b,qwen35-4b,3031,1.151765,1.0,0.986135,1.328959,0.22408,1611,1123,297,0.0,0.0
mimic_cxr_test,discern_score,qwen35-2b,qwen35-9b,3031,1.286374,1.0,1.109527,1.473779,0.248495,1676,1047,308,0.0,0.0
mimic_cxr_test,discern_score,qwen35-2b,qwen35-27b,3031,1.626526,1.0,1.431186,1.816603,0.31541,1743,969,319,0.0,0.0
mimic_cxr_test,discern_score,qwen35-2b,qwen35-35b-a3b,3031,1.981524,2.0,1.809617,2.166331,0.386853,1810,931,290,0.0,0.0
mimic_cxr_test,discern_score,qwen35-2b,qwen35-122b-a10b,3031,1.860112,1.0,1.680625,2.048854,0.364676,1807,934,290,0.0,0.0
mimic_cxr_test,discern_score,qwen35-2b,qwen35-397b-a17b,3031,1.34708,1.0,1.161325,1.543088,0.257559,1668,1073,290,0.0,0.0
mimic_cxr_test,discern_score,qwen35-4b,qwen35-9b,3031,0.134609,0.0,-0.040292,0.294647,0.028181,1354,1308,369,0.077621,0.232863
mimic_cxr_test,discern_score,qwen35-4b,qwen35-27b,3031,0.474761,0.0,0.314599,0.63512,0.102972,1457,1210,364,0.0,0.0
mimic_cxr_test,discern_score,qwen35-4b,qwen35-35b-a3b,3031,0.829759,1.0,0.664121,0.98126,0.179034,1520,1168,343,0.0,0.0
mimic_cxr_test,discern_score,qwen35-4b,qwen35-122b-a10b,3031,0.708347,1.0,0.537735,0.869078,0.152066,1536,1129,366,0.0,0.0
mimic_cxr_test,discern_score,qwen35-4b,qwen35-397b-a17b,3031,0.195315,0.0,0.030939,0.353357,0.041753,1385,1280,366,0.019408,0.077632
mimic_cxr_test,discern_score,qwen35-9b,qwen35-27b,3031,0.340152,0.0,0.174505,0.500866,0.072615,1414,1229,388,0.00013,0.001038
mimic_cxr_test,discern_score,qwen35-9b,qwen35-35b-a3b,3031,0.69515,0.0,0.527532,0.858232,0.151668,1479,1131,421,0.0,0.0
mimic_cxr_test,discern_score,qwen35-9b,qwen35-122b-a10b,3031,0.573738,0.0,0.407077,0.739723,0.124284,1473,1213,345,0.0,0.0
mimic_cxr_test,discern_score,qwen35-9b,qwen35-397b-a17b,3031,0.060706,0.0,-0.104091,0.226328,0.012899,1332,1309,390,0.66046,0.66046
mimic_cxr_test,discern_score,qwen35-27b,qwen35-35b-a3b,3031,0.354998,0.0,0.204545,0.509114,0.081101,1418,1234,379,4.6e-05,0.000416
mimic_cxr_test,discern_score,qwen35-27b,qwen35-122b-a10b,3031,0.233586,0.0,0.089393,0.377837,0.054656,1378,1245,408,0.001073,0.005366
mimic_cxr_test,discern_score,qwen35-27b,qwen35-397b-a17b,3031,-0.279446,0.0,-0.421,-0.131945,-0.063967,1244,1382,405,0.00074,0.004439
mimic_cxr_test,discern_score,qwen35-35b-a3b,qwen35-122b-a10b,3031,-0.121412,0.0,-0.266372,0.035442,-0.028387,1295,1349,387,0.155998,0.311996
mimic_cxr_test,discern_score,qwen35-35b-a3b,qwen35-397b-a17b,3031,-0.634444,0.0,-0.786564,-0.479281,-0.140483,1178,1462,391,0.0,0.0
mimic_cxr_test,discern_score,qwen35-122b-a10b,qwen35-397b-a17b,3031,-0.513032,0.0,-0.68032,-0.361927,-0.115822,1189,1450,392,0.0,0.0
mimic_cxr_test,mini_discern_score,qwen35-0_8b,qwen35-2b,3031,0.123062,0.0,0.007547,0.247138,0.03684,1341,1202,488,0.066148,0.330742
mimic_cxr_test,mini_discern_score,qwen35-0_8b,qwen35-4b,3031,0.56384,0.0,0.454207,0.686572,0.17616,1475,1019,537,0.0,0.0
mimic_cxr_test,mini_discern_score,qwen35-0_8b,qwen35-9b,3031,0.514022,0.0,0.395909,0.62919,0.157286,1424,1026,581,0.0,0.0
mimic_cxr_test,mini_discern_score,qwen35-0_8b,qwen35-27b,3031,0.774662,1.0,0.654198,0.891133,0.242395,1532,948,551,0.0,0.0
mimic_cxr_test,mini_discern_score,qwen35-0_8b,qwen35-35b-a3b,3031,0.866711,1.0,0.756467,0.980221,0.273518,1575,914,542,0.0,0.0
mimic_cxr_test,mini_discern_score,qwen35-0_8b,qwen35-122b-a10b,3031,0.881227,1.0,0.771989,0.999348,0.277357,1587,896,548,0.0,0.0
mimic_cxr_test,mini_discern_score,qwen35-0_8b,qwen35-397b-a17b,3031,0.592874,0.0,0.479042,0.710681,0.182992,1449,1014,568,0.0,0.0
mimic_cxr_test,mini_discern_score,qwen35-2b,qwen35-4b,3031,0.440779,0.0,0.334518,0.551328,0.147112,1388,1033,610,0.0,0.0
mimic_cxr_test,mini_discern_score,qwen35-2b,qwen35-9b,3031,0.39096,0.0,0.274142,0.495257,0.128131,1370,1031,630,0.0,0.0
mimic_cxr_test,mini_discern_score,qwen35-2b,qwen35-27b,3031,0.6516,0.0,0.540391,0.753877,0.216345,1454,983,594,0.0,0.0
mimic_cxr_test,mini_discern_score,qwen35-2b,qwen35-35b-a3b,3031,0.743649,0.0,0.634766,0.853233,0.251469,1496,911,624,0.0,0.0
mimic_cxr_test,mini_discern_score,qwen35-2b,qwen35-122b-a10b,3031,0.758166,0.0,0.652582,0.858149,0.253871,1502,909,620,0.0,0.0
mimic_cxr_test,mini_discern_score,qwen35-2b,qwen35-397b-a17b,3031,0.469812,0.0,0.361844,0.578703,0.157184,1400,1029,602,0.0,0.0
mimic_cxr_test,mini_discern_score,qwen35-4b,qwen35-9b,3031,-0.049819,0.0,-0.15146,0.044573,-0.017989,1105,1182,744,0.160574,0.612766
mimic_cxr_test,mini_discern_score,qwen35-4b,qwen35-27b,3031,0.210822,0.0,0.114451,0.310797,0.079235,1222,1051,758,5.9e-05,0.000532
mimic_cxr_test,mini_discern_score,qwen35-4b,qwen35-35b-a3b,3031,0.30287,0.0,0.2065,0.39562,0.112085,1261,1011,759,0.0,0.0
mimic_cxr_test,mini_discern_score,qwen35-4b,qwen35-122b-a10b,3031,0.317387,0.0,0.218393,0.411127,0.11592,1212,1025,794,0.0,0.0
mimic_cxr_test,mini_discern_score,qwen35-4b,qwen35-397b-a17b,3031,0.029033,0.0,-0.072286,0.119771,0.010682,1157,1149,725,0.783154,1.0
mimic_cxr_test,mini_discern_score,qwen35-9b,qwen35-27b,3031,0.26064,0.0,0.164962,0.349068,0.095907,1241,1028,762,0.0,1e-06
mimic_cxr_test,mini_discern_score,qwen35-9b,qwen35-35b-a3b,3031,0.352689,0.0,0.257654,0.447732,0.129895,1287,970,774,0.0,0.0
mimic_cxr_test,mini_discern_score,qwen35-9b,qwen35-122b-a10b,3031,0.367206,0.0,0.267535,0.463552,0.134412,1288,986,757,0.0,0.0
mimic_cxr_test,mini_discern_score,qwen35-9b,qwen35-397b-a17b,3031,0.078852,0.0,-0.019482,0.178209,0.028922,1178,1136,717,0.153191,0.612766
mimic_cxr_test,mini_discern_score,qwen35-27b,qwen35-35b-a3b,3031,0.092049,0.0,0.000627,0.189385,0.03536,1166,1062,803,0.029142,0.174853
mimic_cxr_test,mini_discern_score,qwen35-27b,qwen35-122b-a10b,3031,0.106565,0.0,0.015498,0.191034,0.042338,1121,1064,846,0.015216,0.106513
mimic_cxr_test,mini_discern_score,qwen35-27b,qwen35-397b-a17b,3031,-0.181788,0.0,-0.268575,-0.087059,-0.071166,1047,1179,805,0.000105,0.000836
mimic_cxr_test,mini_discern_score,qwen35-35b-a3b,qwen35-122b-a10b,3031,0.014517,0.0,-0.074571,0.102615,0.005739,1105,1112,814,0.979603,1.0
mimic_cxr_test,mini_discern_score,qwen35-35b-a3b,qwen35-397b-a17b,3031,-0.273837,0.0,-0.360615,-0.179132,-0.103314,990,1259,782,0.0,0.0
mimic_cxr_test,mini_discern_score,qwen35-122b-a10b,qwen35-397b-a17b,3031,-0.288354,0.0,-0.378464,-0.193641,-0.111163,999,1229,803,0.0,0.0
